year,month,region,count
2025,3,서울,"75,453"
2025,3,부산,"40,141"
2025,3,대구,"29,527"
2025,3,인천,"51,785"
2025,3,광주,"13,556"
2025,3,대전,"19,542"
2025,3,울산,"10,304"
2025,3,세종,"5,528"
2025,3,경기,"131,176"
2025,3,충북,"21,280"
2025,3,충남,"24,424"
2025,3,전남,"27,023"
2025,3,경북,"24,071"
2025,3,경남,"40,098"
2025,3,제주,"40,453"
2025,3,강원,"17,454"
2025,3,전북,"19,613"
2025,2,서울,"74,311"
2025,2,부산,"39,161"
2025,2,대구,"29,118"
2025,2,인천,"49,856"
2025,2,광주,"13,296"
2025,2,대전,"19,162"
2025,2,울산,"10,105"
2025,2,세종,"5,442"
2025,2,경기,"127,345"
2025,2,충북,"20,534"
2025,2,충남,"23,429"
2025,2,전남,"26,083"
2025,2,경북,"23,226"
2025,2,경남,"38,971"
2025,2,제주,"39,700"
2025,2,강원,"17,148"
2025,2,전북,"19,243"
2025,1,서울,"73,809"
2025,1,부산,"38,579"
2025,1,대구,"28,800"
2025,1,인천,"48,894"
2025,1,광주,"13,100"
2025,1,대전,"18,999"
2025,1,울산,"9,976"
2025,1,세종,"5,311"
2025,1,경기,"124,856"
2025,1,충북,"19,904"
2025,1,충남,"22,619"
2025,1,전남,"25,449"
2025,1,경북,"22,214"
2025,1,경남,"37,668"
2025,1,제주,"39,528"
2025,1,강원,"17,000"
2025,1,전북,"18,748"
2024,12,서울,"74,116"
2024,12,부산,"38,277"
2024,12,대구,"28,868"
2024,12,인천,"48,498"
2024,12,광주,"13,051"
2024,12,대전,"18,961"
2024,12,울산,"9,951"
2024,12,세종,"5,234"
2024,12,경기,"124,529"
2024,12,충북,"20,054"
2024,12,충남,"22,609"
2024,12,전남,"25,329"
2024,12,경북,"22,134"
2024,12,경남,"37,441"
2024,12,제주,"39,059"
2024,12,강원,"16,955"
2024,12,전북,"18,717"
2024,11,서울,"73,125"
2024,11,부산,"37,701"
2024,11,대구,"28,652"
2024,11,인천,"48,563"
2024,11,광주,"12,918"
2024,11,대전,"18,810"
2024,11,울산,"9,858"
2024,11,세종,"5,163"
2024,11,경기,"122,881"
2024,11,충북,"20,017"
2024,11,충남,"22,509"
2024,11,전남,"25,156"
2024,11,경북,"21,774"
2024,11,경남,"37,314"
2024,11,제주,"38,761"
2024,11,강원,"16,771"
2024,11,전북,"18,600"
2024,10,서울,"72,027"
2024,10,부산,"36,943"
2024,10,대구,"27,527"
2024,10,인천,"46,725"
2024,10,광주,"12,567"
2024,10,대전,"18,417"
2024,10,울산,"9,609"
2024,10,세종,"5,087"
2024,10,경기,"119,243"
2024,10,충북,"19,611"
2024,10,충남,"22,427"
2024,10,전남,"24,749"
2024,10,경북,"21,013"
2024,10,경남,"36,977"
2024,10,제주,"37,707"
2024,10,강원,"16,546"
2024,10,전북,"18,090"
2024,9,서울,"71,566"
2024,9,부산,"36,308"
2024,9,대구,"27,179"
2024,9,인천,"45,264"
2024,9,광주,"12,259"
2024,9,대전,"18,301"
2024,9,울산,"9,440"
2024,9,세종,"4,954"
2024,9,경기,"116,213"
2024,9,충북,"18,867"
2024,9,충남,"21,852"
2024,9,전남,"24,276"
2024,9,경북,"20,643"
2024,9,경남,"36,236"
2024,9,제주,"36,238"
2024,9,강원,"16,270"
2024,9,전북,"17,672"
2024,8,서울,"71,075"
2024,8,부산,"35,545"
2024,8,대구,"26,890"
2024,8,인천,"44,146"
2024,8,광주,"12,078"
2024,8,대전,"18,181"
2024,8,울산,"9,307"
2024,8,세종,"4,884"
2024,8,경기,"113,938"
2024,8,충북,"18,471"
2024,8,충남,"21,366"
2024,8,전남,"23,443"
2024,8,경북,"20,319"
2024,8,경남,"35,621"
2024,8,제주,"35,073"
2024,8,강원,"16,033"
2024,8,전북,"17,285"
2024,7,서울,"70,300"
2024,7,부산,"34,825"
2024,7,대구,"26,453"
2024,7,인천,"42,470"
2024,7,광주,"11,810"
2024,7,대전,"17,908"
2024,7,울산,"9,145"
2024,7,세종,"4,816"
2024,7,경기,"110,366"
2024,7,충북,"17,943"
2024,7,충남,"20,715"
2024,7,전남,"22,836"
2024,7,경북,"19,848"
2024,7,경남,"34,805"
2024,7,제주,"33,858"
2024,7,강원,"15,828"
2024,7,전북,"16,735"
2024,6,서울,"69,134"
2024,6,부산,"34,096"
2024,6,대구,"26,071"
2024,6,인천,"41,201"
2024,6,광주,"11,538"
2024,6,대전,"17,646"
2024,6,울산,"8,945"
2024,6,세종,"4,680"
2024,6,경기,"107,249"
2024,6,충북,"17,484"
2024,6,충남,"20,177"
2024,6,전남,"22,168"
2024,6,경북,"19,134"
2024,6,경남,"33,887"
2024,6,제주,"33,291"
2024,6,강원,"15,528"
2024,6,전북,"16,232"
2024,5,서울,"67,574"
2024,5,부산,"33,095"
2024,5,대구,"25,547"
2024,5,인천,"39,755"
2024,5,광주,"11,282"
2024,5,대전,"16,810"
2024,5,울산,"8,736"
2024,5,세종,"4,648"
2024,5,경기,"103,688"
2024,5,충북,"17,011"
2024,5,충남,"19,867"
2024,5,전남,"21,697"
2024,5,경북,"18,664"
2024,5,경남,"33,042"
2024,5,제주,"32,450"
2024,5,강원,"15,304"
2024,5,전북,"15,842"
2024,4,서울,"66,432"
2024,4,부산,"31,699"
2024,4,대구,"25,255"
2024,4,인천,"38,406"
2024,4,광주,"11,091"
2024,4,대전,"16,543"
2024,4,울산,"8,583"
2024,4,세종,"4,582"
2024,4,경기,"100,541"
2024,4,충북,"16,586"
2024,4,충남,"19,472"
2024,4,전남,"21,204"
2024,4,경북,"18,284"
2024,4,경남,"32,140"
2024,4,제주,"32,048"
2024,4,강원,"15,065"
2024,4,전북,"15,502"
2024,3,서울,"65,695"
2024,3,부산,"30,935"
2024,3,대구,"24,966"
2024,3,인천,"37,222"
2024,3,광주,"10,950"
2024,3,대전,"16,266"
2024,3,울산,"8,458"
2024,3,세종,"4,534"
2024,3,경기,"98,261"
2024,3,충북,"16,254"
2024,3,충남,"18,891"
2024,3,전남,"20,527"
2024,3,경북,"17,889"
2024,3,경남,"31,443"
2024,3,제주,"31,611"
2024,3,강원,"14,895"
2024,3,전북,"15,210"
2024,2,서울,"64,356"
2024,2,부산,"29,936"
2024,2,대구,"24,500"
2024,2,인천,"36,050"
2024,2,광주,"10,717"
2024,2,대전,"15,926"
2024,2,울산,"8,263"
2024,2,세종,"4,455"
2024,2,경기,"93,825"
2024,2,충북,"15,460"
2024,2,충남,"17,899"
2024,2,전남,"19,584"
2024,2,경북,"16,977"
2024,2,경남,"29,569"
2024,2,제주,"30,706"
2024,2,강원,"14,608"
2024,2,전북,"14,625"
2024,1,서울,"64,255"
2024,1,부산,"29,707"
2024,1,대구,"24,486"
2024,1,인천,"35,700"
2024,1,광주,"10,672"
2024,1,대전,"15,833"
2024,1,울산,"8,234"
2024,1,세종,"4,421"
2024,1,경기,"93,261"
2024,1,충북,"15,435"
2024,1,충남,"18,018"
2024,1,전남,"19,525"
2024,1,경북,"16,927"
2024,1,경남,"29,433"
2024,1,제주,"30,599"
2024,1,강원,"14,576"
2024,1,전북,"14,617"
2023,12,서울,"64,369"
2023,12,부산,"29,569"
2023,12,대구,"24,479"
2023,12,인천,"35,275"
2023,12,광주,"10,682"
2023,12,대전,"15,735"
2023,12,울산,"8,196"
2023,12,세종,"4,379"
2023,12,경기,"92,771"
2023,12,충북,"15,393"
2023,12,충남,"17,954"
2023,12,전북,"14,581"
2023,12,전남,"19,450"
2023,12,경북,"16,805"
2023,12,경남,"29,267"
2023,12,제주,"30,568"
2023,12,강원,"14,560"
2023,11,서울,"63,222"
2023,11,부산,"28,767"
2023,11,대구,"24,368"
2023,11,인천,"33,513"
2023,11,광주,"10,403"
2023,11,대전,"15,286"
2023,11,울산,"8,061"
2023,11,세종,"4,228"
2023,11,경기,"90,736"
2023,11,충북,"15,158"
2023,11,충남,"17,474"
2023,11,전북,"14,197"
2023,11,전남,"19,011"
2023,11,경북,"16,338"
2023,11,경남,"28,204"
2023,11,제주,"30,131"
2023,11,강원,"14,328"
2023,10,서울,"62,000"
2023,10,부산,"27,544"
2023,10,대구,"23,784"
2023,10,인천,"32,036"
2023,10,광주,"9,954"
2023,10,대전,"14,761"
2023,10,울산,"7,764"
2023,10,세종,"4,176"
2023,10,경기,"87,534"
2023,10,충북,"14,912"
2023,10,충남,"17,203"
2023,10,전북,"13,587"
2023,10,전남,"18,427"
2023,10,경북,"15,974"
2023,10,경남,"27,224"
2023,10,제주,"29,444"
2023,10,강원,"13,930"
2023,9,서울,"60,871"
2023,9,부산,"26,348"
2023,9,대구,"23,292"
2023,9,인천,"30,824"
2023,9,광주,"9,565"
2023,9,대전,"14,522"
2023,9,울산,"7,659"
2023,9,세종,"4,063"
2023,9,경기,"84,782"
2023,9,충북,"14,735"
2023,9,충남,"16,575"
2023,9,전북,"13,253"
2023,9,전남,"18,030"
2023,9,경북,"15,721"
2023,9,경남,"26,263"
2023,9,제주,"29,142"
2023,9,강원,"13,688"
2023,8,서울,"59,551"
2023,8,부산,"25,517"
2023,8,대구,"22,733"
2023,8,인천,"29,546"
2023,8,광주,"9,342"
2023,8,대전,"14,304"
2023,8,울산,"7,514"
2023,8,세종,"3,875"
2023,8,경기,"81,466"
2023,8,충북,"14,422"
2023,8,충남,"16,217"
2023,8,전북,"12,963"
2023,8,전남,"17,523"
2023,8,경북,"15,435"
2023,8,경남,"25,488"
2023,8,제주,"28,909"
2023,8,강원,"13,471"
2023,7,서울,"58,931"
2023,7,부산,"24,738"
2023,7,대구,"22,423"
2023,7,인천,"28,895"
2023,7,광주,"9,177"
2023,7,대전,"14,237"
2023,7,울산,"7,384"
2023,7,세종,"3,776"
2023,7,경기,"79,758"
2023,7,충북,"14,160"
2023,7,충남,"16,120"
2023,7,전북,"12,750"
2023,7,전남,"17,228"
2023,7,경북,"15,268"
2023,7,경남,"24,795"
2023,7,제주,"28,567"
2023,7,강원,"13,308"
2023,6,서울,"58,251"
2023,6,부산,"24,224"
2023,6,대구,"22,019"
2023,6,인천,"27,992"
2023,6,광주,"8,999"
2023,6,대전,"14,067"
2023,6,울산,"7,273"
2023,6,세종,"3,668"
2023,6,경기,"77,975"
2023,6,충북,"13,974"
2023,6,충남,"15,791"
2023,6,전북,"12,383"
2023,6,전남,"16,975"
2023,6,경북,"14,992"
2023,6,경남,"23,266"
2023,6,제주,"28,014"
2023,6,강원,"13,128"
2023,5,서울,"56,780"
2023,5,부산,"23,200"
2023,5,대구,"21,640"
2023,5,인천,"26,949"
2023,5,광주,"8,797"
2023,5,대전,"13,856"
2023,5,울산,"7,138"
2023,5,세종,"3,544"
2023,5,경기,"75,339"
2023,5,강원,"12,904"
2023,5,충북,"13,685"
2023,5,충남,"15,447"
2023,5,전북,"12,150"
2023,5,전남,"16,193"
2023,5,경북,"14,619"
2023,5,경남,"22,406"
2023,5,제주,"27,536"
2023,4,서울,"55,843"
2023,4,부산,"22,557"
2023,4,대구,"21,319"
2023,4,인천,"25,898"
2023,4,광주,"8,631"
2023,4,대전,"13,670"
2023,4,울산,"6,996"
2023,4,세종,"3,436"
2023,4,경기,"73,077"
2023,4,강원,"12,604"
2023,4,충북,"13,349"
2023,4,충남,"14,966"
2023,4,전북,"11,886"
2023,4,전남,"15,502"
2023,4,경북,"14,237"
2023,4,경남,"21,648"
2023,4,제주,"27,119"
2023,3,서울,"55,045"
2023,3,부산,"21,227"
2023,3,대구,"20,960"
2023,3,인천,"24,629"
2023,3,광주,"8,432"
2023,3,대전,"13,495"
2023,3,울산,"6,817"
2023,3,세종,"3,331"
2023,3,경기,"70,622"
2023,3,강원,"12,332"
2023,3,충북,"13,288"
2023,3,충남,"14,475"
2023,3,전북,"11,353"
2023,3,전남,"14,461"
2023,3,경북,"13,575"
2023,3,경남,"20,789"
2023,3,제주,"26,580"
2023,2,서울,"53,797"
2023,2,부산,"20,455"
2023,2,대구,"20,521"
2023,2,인천,"23,968"
2023,2,광주,"8,260"
2023,2,대전,"13,231"
2023,2,울산,"6,641"
2023,2,세종,"3,156"
2023,2,경기,"67,649"
2023,2,강원,"12,076"
2023,2,충북,"12,619"
2023,2,충남,"13,482"
2023,2,전북,"10,180"
2023,2,전남,"13,478"
2023,2,경북,"12,853"
2023,2,경남,"19,741"
2023,2,제주,"25,977"
2023,1,서울,"53,891"
2023,1,부산,"19,622"
2023,1,대구,"20,150"
2023,1,인천,"24,079"
2023,1,광주,"8,056"
2023,1,대전,"13,022"
2023,1,울산,"6,303"
2023,1,세종,"3,093"
2023,1,경기,"66,551"
2023,1,강원,"11,848"
2023,1,충북,"12,319"
2023,1,충남,"13,244"
2023,1,전북,"9,933"
2023,1,전남,"12,822"
2023,1,경북,"12,558"
2023,1,경남,"19,271"
2023,1,제주,"25,673"
2022,12,서울,"53,612"
2022,12,부산,"19,593"
2022,12,대구,"20,210"
2022,12,인천,"23,974"
2022,12,광주,"8,025"
2022,12,대전,"13,044"
2022,12,울산,"6,301"
2022,12,세종,"3,044"
2022,12,경기,"66,606"
2022,12,강원,"11,842"
2022,12,충북,"12,316"
2022,12,충남,"13,234"
2022,12,전북,"9,901"
2022,12,전남,"12,770"
2022,12,경북,"12,555"
2022,12,경남,"19,278"
2022,12,제주,"25,736"
2022,11,서울,"51,773"
2022,11,부산,"19,464"
2022,11,대구,"20,157"
2022,11,인천,"23,546"
2022,11,광주,"7,783"
2022,11,대전,"12,741"
2022,11,울산,"6,275"
2022,11,세종,"2,983"
2022,11,경기,"64,864"
2022,11,강원,"11,469"
2022,11,충북,"12,084"
2022,11,충남,"13,080"
2022,11,전북,"9,749"
2022,11,전남,"12,356"
2022,11,경북,"12,264"
2022,11,경남,"18,618"
2022,11,제주,"25,227"
2022,10,서울,"49,858"
2022,10,부산,"18,659"
2022,10,대구,"19,549"
2022,10,인천,"21,871"
2022,10,광주,"7,423"
2022,10,대전,"12,154"
2022,10,울산,"6,140"
2022,10,세종,"2,850"
2022,10,경기,"61,597"
2022,10,강원,"11,023"
2022,10,충북,"11,730"
2022,10,충남,"12,591"
2022,10,전북,"9,525"
2022,10,전남,"11,843"
2022,10,경북,"11,699"
2022,10,경남,"17,482"
2022,10,제주,"24,283"
2022,9,서울,"48,387"
2022,9,부산,"17,605"
2022,9,대구,"18,733"
2022,9,인천,"20,220"
2022,9,광주,"7,034"
2022,9,대전,"11,566"
2022,9,울산,"5,733"
2022,9,세종,"2,697"
2022,9,경기,"57,658"
2022,9,강원,"10,564"
2022,9,충북,"11,214"
2022,9,충남,"12,146"
2022,9,전북,"9,118"
2022,9,전남,"11,302"
2022,9,경북,"11,206"
2022,9,경남,"16,365"
2022,9,제주,"23,549"
2022,8,서울,"46,153"
2022,8,부산,"16,547"
2022,8,대구,"17,890"
2022,8,인천,"18,660"
2022,8,광주,"6,705"
2022,8,대전,"10,962"
2022,8,울산,"5,455"
2022,8,세종,"2,553"
2022,8,경기,"53,053"
2022,8,강원,"10,148"
2022,8,충북,"10,761"
2022,8,충남,"11,409"
2022,8,전북,"8,558"
2022,8,전남,"10,743"
2022,8,경북,"10,837"
2022,8,경남,"15,449"
2022,8,제주,"23,079"
2022,7,서울,"44,733"
2022,7,부산,"15,920"
2022,7,대구,"17,371"
2022,7,인천,"17,579"
2022,7,광주,"6,491"
2022,7,대전,"10,321"
2022,7,울산,"5,425"
2022,7,세종,"2,478"
2022,7,경기,"49,791"
2022,7,강원,"9,624"
2022,7,충북,"10,266"
2022,7,충남,"11,099"
2022,7,전북,"7,930"
2022,7,전남,"10,409"
2022,7,경북,"10,399"
2022,7,경남,"14,673"
2022,7,제주,"22,752"
2022,6,서울,"43,760"
2022,6,부산,"15,348"
2022,6,대구,"16,588"
2022,6,인천,"16,605"
2022,6,광주,"6,235"
2022,6,대전,"9,698"
2022,6,울산,"5,594"
2022,6,세종,"2,412"
2022,6,경기,"46,999"
2022,6,강원,"9,249"
2022,6,충북,"9,538"
2022,6,충남,"10,612"
2022,6,전북,"7,644"
2022,6,전남,"9,610"
2022,6,경북,"9,717"
2022,6,경남,"14,104"
2022,6,제주,"22,361"
2022,5,서울,"42,381"
2022,5,부산,"14,837"
2022,5,대구,"15,821"
2022,5,인천,"15,118"
2022,5,광주,"6,031"
2022,5,대전,"9,466"
2022,5,울산,"5,558"
2022,5,세종,"2,342"
2022,5,경기,"44,393"
2022,5,강원,"8,856"
2022,5,충북,"9,164"
2022,5,충남,"10,140"
2022,5,전북,"7,441"
2022,5,전남,"9,327"
2022,5,경북,"9,431"
2022,5,경남,"13,527"
2022,5,제주,"22,124"
2022,4,서울,"40,995"
2022,4,부산,"14,311"
2022,4,대구,"15,168"
2022,4,인천,"13,629"
2022,4,광주,"5,855"
2022,4,대전,"8,886"
2022,4,울산,"5,405"
2022,4,세종,"2,229"
2022,4,경기,"41,693"
2022,4,강원,"8,428"
2022,4,충북,"8,523"
2022,4,충남,"9,726"
2022,4,전북,"7,263"
2022,4,전남,"9,031"
2022,4,경북,"8,983"
2022,4,경남,"12,831"
2022,4,제주,"21,959"
2022,3,서울,"39,636"
2022,3,부산,"13,615"
2022,3,대구,"14,705"
2022,3,인천,"12,839"
2022,3,광주,"5,631"
2022,3,대전,"7,908"
2022,3,울산,"5,311"
2022,3,세종,"2,066"
2022,3,경기,"38,624"
2022,3,강원,"7,971"
2022,3,충북,"7,858"
2022,3,충남,"9,276"
2022,3,전북,"6,943"
2022,3,전남,"8,499"
2022,3,경북,"8,487"
2022,3,경남,"12,346"
2022,3,제주,"21,784"
2022,2,서울,"38,436"
2022,2,부산,"12,290"
2022,2,대구,"14,292"
2022,2,인천,"12,139"
2022,2,광주,"5,323"
2022,2,대전,"7,306"
2022,2,울산,"5,019"
2022,2,세종,"1,917"
2022,2,경기,"35,476"
2022,2,강원,"7,587"
2022,2,충북,"6,984"
2022,2,충남,"8,530"
2022,2,전북,"6,224"
2022,2,전남,"7,919"
2022,2,경북,"7,918"
2022,2,경남,"11,721"
2022,2,제주,"21,557"
2022,1,서울,"38,014"
2022,1,부산,"11,314"
2022,1,대구,"13,917"
2022,1,인천,"11,943"
2022,1,광주,"5,036"
2022,1,대전,"7,179"
2022,1,울산,"4,741"
2022,1,세종,"1,896"
2022,1,경기,"34,851"
2022,1,강원,"7,538"
2022,1,충북,"6,770"
2022,1,충남,"8,213"
2022,1,전북,"5,989"
2022,1,전남,"7,696"
2022,1,경북,"7,786"
2022,1,경남,"11,277"
2022,1,제주,"21,332"
2021,12,서울,"37,617"
2021,12,부산,"11,163"
2021,12,대구,"13,942"
2021,12,인천,"11,829"
2021,12,광주,"4,961"
2021,12,대전,"7,204"
2021,12,울산,"4,727"
2021,12,세종,"1,874"
2021,12,경기,"34,642"
2021,12,강원,"7,550"
2021,12,충북,"6,778"
2021,12,충남,"8,194"
2021,12,전북,"5,888"
2021,12,전남,"7,565"
2021,12,경북,"7,779"
2021,12,경남,"11,146"
2021,12,제주,"21,325"
2021,11,서울,"36,341"
2021,11,부산,"10,651"
2021,11,대구,"13,941"
2021,11,인천,"10,812"
2021,11,광주,"4,844"
2021,11,대전,"7,243"
2021,11,울산,"4,720"
2021,11,세종,"1,728"
2021,11,경기,"33,728"
2021,11,강원,"7,211"
2021,11,충북,"6,430"
2021,11,충남,"8,150"
2021,11,전북,"5,810"
2021,11,전남,"6,942"
2021,11,경북,"7,678"
2021,11,경남,"10,770"
2021,11,제주,"21,202"
2021,10,서울,"32,810"
2021,10,부산,"10,096"
2021,10,대구,"13,772"
2021,10,인천,"10,461"
2021,10,광주,"4,822"
2021,10,대전,"7,151"
2021,10,울산,"4,764"
2021,10,세종,"1,694"
2021,10,경기,"32,660"
2021,10,강원,"6,869"
2021,10,충북,"6,093"
2021,10,충남,"7,951"
2021,10,전북,"5,601"
2021,10,전남,"6,815"
2021,10,경북,"7,341"
2021,10,경남,"10,009"
2021,10,제주,"20,436"
2021,9,서울,"31,227"
2021,9,부산,"9,738"
2021,9,대구,"13,181"
2021,9,인천,"9,779"
2021,9,광주,"4,775"
2021,9,대전,"6,488"
2021,9,울산,"4,759"
2021,9,세종,"1,647"
2021,9,경기,"31,322"
2021,9,강원,"6,308"
2021,9,충북,"5,760"
2021,9,충남,"7,481"
2021,9,전북,"5,214"
2021,9,전남,"6,633"
2021,9,경북,"7,091"
2021,9,경남,"9,197"
2021,9,제주,"19,990"
2021,8,서울,"29,062"
2021,8,부산,"8,838"
2021,8,대구,"12,752"
2021,8,인천,"8,664"
2021,8,광주,"4,573"
2021,8,대전,"5,969"
2021,8,울산,"4,503"
2021,8,세종,"1,540"
2021,8,경기,"29,984"
2021,8,강원,"5,930"
2021,8,충북,"5,415"
2021,8,충남,"7,139"
2021,8,전북,"4,840"
2021,8,전남,"6,321"
2021,8,경북,"6,882"
2021,8,경남,"8,727"
2021,8,제주,"19,840"
2021,7,서울,"27,258"
2021,7,부산,"8,205"
2021,7,대구,"12,429"
2021,7,인천,"7,798"
2021,7,광주,"4,355"
2021,7,대전,"5,503"
2021,7,울산,"4,415"
2021,7,세종,"1,483"
2021,7,경기,"28,320"
2021,7,강원,"5,500"
2021,7,충북,"5,020"
2021,7,충남,"6,861"
2021,7,전북,"4,587"
2021,7,전남,"6,096"
2021,7,경북,"6,539"
2021,7,경남,"8,340"
2021,7,제주,"19,641"
2021,6,서울,"21,596"
2021,6,부산,"7,269"
2021,6,대구,"9,912"
2021,6,인천,"6,433"
2021,6,광주,"3,676"
2021,6,대전,"4,647"
2021,6,울산,"4,074"
2021,6,세종,"1,173"
2021,6,경기,"23,432"
2021,6,강원,"4,620"
2021,6,충북,"4,092"
2021,6,충남,"5,679"
2021,6,전북,"3,676"
2021,6,전남,"4,697"
2021,6,경북,"5,070"
2021,6,경남,"6,783"
2021,6,제주,"12,846"
2021,5,서울,"20,027"
2021,5,부산,"6,373"
2021,5,대구,"9,443"
2021,5,인천,"5,429"
2021,5,광주,"3,422"
2021,5,대전,"4,107"
2021,5,울산,"3,939"
2021,5,세종,"1,122"
2021,5,경기,"20,604"
2021,5,강원,"4,259"
2021,5,충북,"3,648"
2021,5,충남,"5,135"
2021,5,전북,"3,223"
2021,5,전남,"4,319"
2021,5,경북,"4,683"
2021,5,경남,"6,088"
2021,5,제주,"12,356"
2021,4,서울,"18,646"
2021,4,부산,"5,707"
2021,4,대구,"9,140"
2021,4,인천,"5,072"
2021,4,광주,"3,194"
2021,4,대전,"3,849"
2021,4,울산,"3,835"
2021,4,세종,"1,078"
2021,4,경기,"18,711"
2021,4,강원,"3,967"
2021,4,충북,"3,492"
2021,4,충남,"4,909"
2021,4,전북,"3,004"
2021,4,전남,"4,168"
2021,4,경북,"4,484"
2021,4,경남,"5,705"
2021,4,제주,"12,317"
2021,3,서울,"18,254"
2021,3,부산,"5,507"
2021,3,대구,"9,082"
2021,3,인천,"4,946"
2021,3,광주,"3,132"
2021,3,대전,"3,757"
2021,3,울산,"3,761"
2021,3,세종,"1,013"
2021,3,경기,"18,139"
2021,3,강원,"3,730"
2021,3,충북,"3,444"
2021,3,충남,"4,785"
2021,3,전북,"2,849"
2021,3,전남,"4,067"
2021,3,경북,"4,428"
2021,3,경남,"5,503"
2021,3,제주,"12,321"
2021,2,서울,"17,324"
2021,2,부산,"4,779"
2021,2,대구,"8,943"
2021,2,인천,"4,727"
2021,2,광주,"3,043"
2021,2,대전,"3,562"
2021,2,울산,"3,636"
2021,2,세종,930
2021,2,경기,"16,562"
2021,2,강원,"3,558"
2021,2,충북,"3,220"
2021,2,충남,"4,525"
2021,2,전북,"2,656"
2021,2,전남,"3,853"
2021,2,경북,"4,271"
2021,2,경남,"5,176"
2021,2,제주,"12,247"
2021,1,서울,"17,414"
2021,1,부산,"4,677"
2021,1,대구,"8,938"
2021,1,인천,"4,619"
2021,1,광주,"3,035"
2021,1,대전,"3,582"
2021,1,울산,"3,569"
2021,1,세종,909
2021,1,경기,"16,264"
2021,1,강원,"3,542"
2021,1,충북,"3,159"
2021,1,충남,"4,510"
2021,1,전북,"2,615"
2021,1,전남,"3,780"
2021,1,경북,"4,256"
2021,1,경남,"5,041"
2021,1,제주,"12,271"
2020,12,서울,"17,463"
2020,12,부산,"4,628"
2020,12,대구,"9,014"
2020,12,인천,"4,581"
2020,12,광주,"3,041"
2020,12,대전,"3,591"
2020,12,울산,"3,552"
2020,12,세종,897
2020,12,경기,"16,116"
2020,12,강원,"3,540"
2020,12,충북,"3,160"
2020,12,충남,"4,513"
2020,12,전북,"2,586"
2020,12,전남,"3,756"
2020,12,경북,"4,246"
2020,12,경남,"5,023"
2020,12,제주,"12,338"
2020,11,서울,"17,272"
2020,11,부산,"4,553"
2020,11,대구,"9,072"
2020,11,인천,"4,287"
2020,11,광주,"3,024"
2020,11,대전,"3,550"
2020,11,울산,"3,494"
2020,11,세종,882
2020,11,경기,"15,824"
2020,11,강원,"3,422"
2020,11,충북,"3,125"
2020,11,충남,"4,316"
2020,11,전북,"2,547"
2020,11,전남,"3,695"
2020,11,경북,"4,125"
2020,11,경남,"4,957"
2020,11,제주,"12,335"
2020,10,서울,"16,952"
2020,10,부산,"4,210"
2020,10,대구,"9,066"
2020,10,인천,"4,016"
2020,10,광주,"3,002"
2020,10,대전,"3,398"
2020,10,울산,"3,430"
2020,10,세종,864
2020,10,경기,"15,474"
2020,10,강원,"3,359"
2020,10,충북,"3,082"
2020,10,충남,"4,189"
2020,10,전북,"2,497"
2020,10,전남,"3,644"
2020,10,경북,"4,019"
2020,10,경남,"4,846"
2020,10,제주,"12,305"
2020,9,서울,"16,406"
2020,9,부산,"4,117"
2020,9,대구,"9,065"
2020,9,인천,"3,934"
2020,9,광주,"2,981"
2020,9,대전,"3,303"
2020,9,울산,"3,377"
2020,9,세종,858
2020,9,경기,"15,213"
2020,9,강원,"3,333"
2020,9,충북,"3,044"
2020,9,충남,"4,087"
2020,9,전북,"2,445"
2020,9,전남,"3,592"
2020,9,경북,"3,924"
2020,9,경남,"4,689"
2020,9,제주,"12,299"
2020,8,서울,"15,302"
2020,8,부산,"4,035"
2020,8,대구,"8,975"
2020,8,인천,"3,693"
2020,8,광주,"2,890"
2020,8,대전,"3,103"
2020,8,울산,"3,277"
2020,8,세종,834
2020,8,경기,"14,221"
2020,8,강원,"3,128"
2020,8,충북,"2,947"
2020,8,충남,"3,838"
2020,8,전북,"2,350"
2020,8,전남,"3,406"
2020,8,경북,"3,761"
2020,8,경남,"4,466"
2020,8,제주,"12,179"
2020,7,서울,"14,313"
2020,7,부산,"3,968"
2020,7,대구,"8,938"
2020,7,인천,"3,409"
2020,7,광주,"2,805"
2020,7,대전,"3,006"
2020,7,울산,"3,212"
2020,7,세종,819
2020,7,경기,"13,417"
2020,7,강원,"2,976"
2020,7,충북,"2,854"
2020,7,충남,"3,670"
2020,7,전북,"2,280"
2020,7,전남,"3,238"
2020,7,경북,"3,654"
2020,7,경남,"4,360"
2020,7,제주,"12,096"
2020,6,서울,"13,738"
2020,6,부산,"3,843"
2020,6,대구,"8,831"
2020,6,인천,"3,206"
2020,6,광주,"2,705"
2020,6,대전,"2,899"
2020,6,울산,"3,163"
2020,6,세종,810
2020,6,경기,"12,938"
2020,6,강원,"2,774"
2020,6,충북,"2,691"
2020,6,충남,"3,490"
2020,6,전북,"2,162"
2020,6,전남,"3,121"
2020,6,경북,"3,543"
2020,6,경남,"4,269"
2020,6,제주,"11,985"
2020,5,서울,"12,468"
2020,5,부산,"3,732"
2020,5,대구,"8,757"
2020,5,인천,"2,851"
2020,5,광주,"2,531"
2020,5,대전,"2,728"
2020,5,울산,"2,821"
2020,5,세종,800
2020,5,경기,"11,931"
2020,5,강원,"2,587"
2020,5,충북,"2,575"
2020,5,충남,"3,286"
2020,5,전북,"1,982"
2020,5,전남,"2,934"
2020,5,경북,"3,418"
2020,5,경남,"4,056"
2020,5,제주,"11,729"
2020,4,서울,"12,113"
2020,4,부산,"3,687"
2020,4,대구,"8,679"
2020,4,인천,"2,797"
2020,4,광주,"2,501"
2020,4,대전,"2,656"
2020,4,울산,"2,749"
2020,4,세종,775
2020,4,경기,"11,647"
2020,4,강원,"2,476"
2020,4,충북,"2,464"
2020,4,충남,"3,198"
2020,4,전북,"1,882"
2020,4,전남,"2,883"
2020,4,경북,"3,338"
2020,4,경남,"3,969"
2020,4,제주,"11,577"
2020,3,서울,"11,499"
2020,3,부산,"3,504"
2020,3,대구,"8,615"
2020,3,인천,"2,723"
2020,3,광주,"2,447"
2020,3,대전,"2,593"
2020,3,울산,"2,659"
2020,3,세종,764
2020,3,경기,"11,113"
2020,3,강원,"2,313"
2020,3,충북,"2,198"
2020,3,충남,"2,946"
2020,3,전북,"1,682"
2020,3,전남,"2,726"
2020,3,경북,"3,192"
2020,3,경남,"3,819"
2020,3,제주,"11,451"
2020,2,서울,"10,946"
2020,2,부산,"3,241"
2020,2,대구,"8,413"
2020,2,인천,"2,341"
2020,2,광주,"2,339"
2020,2,대전,"2,386"
2020,2,울산,"2,516"
2020,2,세종,686
2020,2,경기,"9,630"
2020,2,강원,"2,046"
2020,2,충북,"2,084"
2020,2,충남,"2,637"
2020,2,전북,"1,431"
2020,2,전남,"2,255"
2020,2,경북,"2,990"
2020,2,경남,"3,370"
2020,2,제주,"11,284"
2020,1,서울,"9,989"
2020,1,부산,"3,081"
2020,1,대구,"8,432"
2020,1,인천,"2,202"
2020,1,광주,"2,331"
2020,1,대전,"2,385"
2020,1,울산,"2,456"
2020,1,세종,669
2020,1,경기,"9,159"
2020,1,강원,"2,036"
2020,1,충북,"2,066"
2020,1,충남,"2,562"
2020,1,전북,"1,416"
2020,1,전남,"2,237"
2020,1,경북,"2,952"
2020,1,경남,"3,135"
2020,1,제주,"11,151"
2019,12,서울,"9,796"
2019,12,부산,"3,076"
2019,12,대구,"8,467"
2019,12,인천,"2,169"
2019,12,광주,"2,329"
2019,12,대전,"2,349"
2019,12,울산,"2,421"
2019,12,세종,665
2019,12,경기,"9,131"
2019,12,강원,"2,031"
2019,12,충북,"2,052"
2019,12,충남,"2,558"
2019,12,전북,"1,401"
2019,12,전남,"2,234"
2019,12,경북,"2,930"
2019,12,경남,"3,107"
2019,12,제주,"11,064"
2019,11,서울,"8,948"
2019,11,부산,"2,758"
2019,11,대구,"8,238"
2019,11,인천,"2,049"
2019,11,광주,"2,249"
2019,11,대전,"2,254"
2019,11,울산,"2,328"
2019,11,세종,644
2019,11,경기,"8,847"
2019,11,강원,"1,977"
2019,11,충북,"2,013"
2019,11,충남,"2,510"
2019,11,전북,"1,390"
2019,11,전남,"2,212"
2019,11,경북,"2,842"
2019,11,경남,"3,088"
2019,11,제주,"10,878"
2019,10,서울,"7,965"
2019,10,부산,"2,374"
2019,10,대구,"7,341"
2019,10,인천,"1,912"
2019,10,광주,"2,101"
2019,10,대전,"2,171"
2019,10,울산,"2,080"
2019,10,세종,634
2019,10,경기,"8,394"
2019,10,강원,"1,870"
2019,10,충북,"1,902"
2019,10,충남,"2,362"
2019,10,전북,"1,370"
2019,10,전남,"2,189"
2019,10,경북,"2,718"
2019,10,경남,"3,043"
2019,10,제주,"10,749"
2019,9,서울,"7,512"
2019,9,부산,"2,293"
2019,9,대구,"6,992"
2019,9,인천,"1,789"
2019,9,광주,"2,032"
2019,9,대전,"2,077"
2019,9,울산,"2,011"
2019,9,세종,624
2019,9,경기,"7,944"
2019,9,강원,"1,808"
2019,9,충북,"1,761"
2019,9,충남,"2,240"
2019,9,전북,"1,319"
2019,9,전남,"2,174"
2019,9,경북,"2,582"
2019,9,경남,"2,911"
2019,9,제주,"10,529"
2019,8,서울,"7,075"
2019,8,부산,"2,094"
2019,8,대구,"6,678"
2019,8,인천,"1,673"
2019,8,광주,"1,962"
2019,8,대전,"2,009"
2019,8,울산,"1,918"
2019,8,세종,598
2019,8,경기,"7,564"
2019,8,강원,"1,710"
2019,8,충북,"1,722"
2019,8,충남,"2,149"
2019,8,전북,"1,273"
2019,8,전남,"2,040"
2019,8,경북,"2,484"
2019,8,경남,"2,829"
2019,8,제주,"10,311"
2019,7,서울,"6,842"
2019,7,부산,"2,009"
2019,7,대구,"6,407"
2019,7,인천,"1,598"
2019,7,광주,"1,900"
2019,7,대전,"1,906"
2019,7,울산,"1,829"
2019,7,세종,585
2019,7,경기,"7,194"
2019,7,강원,"1,607"
2019,7,충북,"1,679"
2019,7,충남,"2,038"
2019,7,전북,"1,215"
2019,7,전남,"2,001"
2019,7,경북,"2,351"
2019,7,경남,"2,706"
2019,7,제주,"10,124"
2019,6,서울,"6,259"
2019,6,부산,"1,809"
2019,6,대구,"6,061"
2019,6,인천,"1,424"
2019,6,광주,"1,781"
2019,6,대전,"1,661"
2019,6,울산,"1,622"
2019,6,세종,574
2019,6,경기,"6,574"
2019,6,강원,"1,414"
2019,6,충북,"1,568"
2019,6,충남,"1,922"
2019,6,전북,"1,164"
2019,6,전남,"1,907"
2019,6,경북,"2,116"
2019,6,경남,"2,528"
2019,6,제주,"9,901"
2019,5,서울,"5,818"
2019,5,부산,"1,593"
2019,5,대구,"5,741"
2019,5,인천,"1,283"
2019,5,광주,"1,621"
2019,5,대전,"1,487"
2019,5,울산,"1,396"
2019,5,세종,519
2019,5,경기,"5,928"
2019,5,강원,"1,304"
2019,5,충북,"1,457"
2019,5,충남,"1,832"
2019,5,전북,"1,076"
2019,5,전남,"1,751"
2019,5,경북,"1,938"
2019,5,경남,"2,416"
2019,5,제주,"9,367"
2019,4,서울,"5,383"
2019,4,부산,"1,338"
2019,4,대구,"5,250"
2019,4,인천,"1,161"
2019,4,광주,"1,465"
2019,4,대전,"1,311"
2019,4,울산,"1,169"
2019,4,세종,443
2019,4,경기,"5,237"
2019,4,강원,"1,194"
2019,4,충북,"1,281"
2019,4,충남,"1,615"
2019,4,전북,"1,004"
2019,4,전남,"1,627"
2019,4,경북,"1,742"
2019,4,경남,"2,156"
2019,4,제주,"8,800"
2019,3,서울,"5,141"
2019,3,부산,"1,226"
2019,3,대구,"4,915"
2019,3,인천,989
2019,3,광주,"1,251"
2019,3,대전,"1,138"
2019,3,울산,958
2019,3,세종,346
2019,3,경기,"4,644"
2019,3,강원,"1,058"
2019,3,충북,976
2019,3,충남,"1,140"
2019,3,전북,792
2019,3,전남,"1,455"
2019,3,경북,"1,398"
2019,3,경남,"1,921"
2019,3,제주,"8,352"
2019,2,서울,"4,810"
2019,2,부산,"1,044"
2019,2,대구,"4,707"
2019,2,인천,832
2019,2,광주,"1,098"
2019,2,대전,"1,041"
2019,2,울산,925
2019,2,세종,234
2019,2,경기,"3,995"
2019,2,강원,933
2019,2,충북,822
2019,2,충남,752
2019,2,전북,632
2019,2,전남,998
2019,2,경북,"1,056"
2019,2,경남,"1,518"
2019,2,제주,"8,068"
2019,1,서울,"4,735"
2019,1,부산,"1,029"
2019,1,대구,"4,670"
2019,1,인천,800
2019,1,광주,"1,081"
2019,1,대전,"1,044"
2019,1,울산,922
2019,1,세종,226
2019,1,경기,"3,918"
2019,1,강원,906
2019,1,충북,814
2019,1,충남,735
2019,1,전북,622
2019,1,전남,999
2019,1,경북,"1,030"
2019,1,경남,"1,411"
2019,1,제주,"8,062"
2018,12,서울,"4,745"
2018,12,부산,"1,010"
2018,12,대구,"4,393"
2018,12,인천,790
2018,12,광주,"1,084"
2018,12,대전,"1,019"
2018,12,울산,909
2018,12,세종,218
2018,12,경기,"3,876"
2018,12,강원,892
2018,12,충북,812
2018,12,충남,721
2018,12,전북,616
2018,12,전남,981
2018,12,경북,"1,018"
2018,12,경남,"1,387"
2018,12,제주,"8,088"
2018,11,서울,"4,557"
2018,11,부산,980
2018,11,대구,"3,723"
2018,11,인천,773
2018,11,광주,976
2018,11,대전,989
2018,11,울산,857
2018,11,세종,218
2018,11,경기,"3,719"
2018,11,강원,850
2018,11,충북,796
2018,11,충남,693
2018,11,전북,595
2018,11,전남,960
2018,11,경북,978
2018,11,경남,"1,325"
2018,11,제주,"7,570"
2018,10,서울,"3,880"
2018,10,부산,947
2018,10,대구,"3,049"
2018,10,인천,747
2018,10,광주,855
2018,10,대전,864
2018,10,울산,662
2018,10,세종,205
2018,10,경기,"3,254"
2018,10,강원,680
2018,10,충북,757
2018,10,충남,573
2018,10,전북,519
2018,10,전남,881
2018,10,경북,875
2018,10,경남,"1,207"
2018,10,제주,"6,735"
2018,9,서울,"3,372"
2018,9,부산,772
2018,9,대구,"2,780"
2018,9,인천,720
2018,9,광주,693
2018,9,대전,725
2018,9,울산,549
2018,9,세종,189
2018,9,경기,"2,848"
2018,9,강원,560
2018,9,충북,331
2018,9,충남,444
2018,9,전북,457
2018,9,전남,793
2018,9,경북,696
2018,9,경남,967
2018,9,제주,"6,010"
2018,8,서울,"2,839"
2018,8,부산,685
2018,8,대구,"2,385"
2018,8,인천,681
2018,8,광주,616
2018,8,대전,586
2018,8,울산,453
2018,8,세종,77
2018,8,경기,"2,559"
2018,8,강원,459
2018,8,충북,305
2018,8,충남,394
2018,8,전북,326
2018,8,전남,688
2018,8,경북,554
2018,8,경남,950
2018,8,제주,"5,018"
2018,7,서울,"2,434"
2018,7,부산,678
2018,7,대구,"2,049"
2018,7,인천,594
2018,7,광주,522
2018,7,대전,457
2018,7,울산,400
2018,7,세종,72
2018,7,경기,"2,261"
2018,7,강원,380
2018,7,충북,292
2018,7,충남,375
2018,7,전북,306
2018,7,전남,645
2018,7,경북,519
2018,7,경남,856
2018,7,제주,"4,556"
2018,6,서울,"2,019"
2018,6,부산,678
2018,6,대구,"1,691"
2018,6,인천,498
2018,6,광주,432
2018,6,대전,328
2018,6,울산,353
2018,6,세종,70
2018,6,경기,"1,869"
2018,6,강원,334
2018,6,충북,259
2018,6,충남,342
2018,6,전북,270
2018,6,전남,619
2018,6,경북,488
2018,6,경남,748
2018,6,제주,"3,859"
2018,5,서울,"1,622"
2018,5,부산,606
2018,5,대구,"1,014"
2018,5,인천,356
2018,5,광주,306
2018,5,대전,184
2018,5,울산,279
2018,5,세종,57
2018,5,경기,"1,319"
2018,5,강원,264
2018,5,충북,224
2018,5,충남,257
2018,5,전북,233
2018,5,전남,520
2018,5,경북,392
2018,5,경남,622
2018,5,제주,"3,538"
2018,4,서울,"1,386"
2018,4,부산,488
2018,4,대구,815
2018,4,인천,287
2018,4,광주,246
2018,4,대전,148
2018,4,울산,224
2018,4,세종,49
2018,4,경기,"1,054"
2018,4,강원,220
2018,4,충북,192
2018,4,충남,217
2018,4,전북,195
2018,4,전남,467
2018,4,경북,343
2018,4,경남,557
2018,4,제주,"3,489"
2018,3,서울,"1,267"
2018,3,부산,448
2018,3,대구,739
2018,3,인천,264
2018,3,광주,218
2018,3,대전,130
2018,3,울산,199
2018,3,세종,29
2018,3,경기,925
2018,3,강원,192
2018,3,충북,112
2018,3,충남,178
2018,3,전북,155
2018,3,전남,429
2018,3,경북,288
2018,3,경남,514
2018,3,제주,"3,375"
2018,2,서울,"1,180"
2018,2,부산,420
2018,2,대구,622
2018,2,인천,245
2018,2,광주,200
2018,2,대전,107
2018,2,울산,192
2018,2,세종,26
2018,2,경기,812
2018,2,강원,172
2018,2,충북,100
2018,2,충남,173
2018,2,전북,143
2018,2,전남,399
2018,2,경북,272
2018,2,경남,465
2018,2,제주,"3,344"
2018,1,서울,"1,178"
2018,1,부산,392
2018,1,대구,630
2018,1,인천,238
2018,1,광주,198
2018,1,대전,103
2018,1,울산,190
2018,1,세종,26
2018,1,경기,791
2018,1,강원,170
2018,1,충북,99
2018,1,충남,175
2018,1,전북,140
2018,1,전남,392
2018,1,경북,265
2018,1,경남,459
2018,1,제주,"3,329"
2017,12,서울,"1,191"
2017,12,부산,401
2017,12,대구,568
2017,12,인천,233
2017,12,광주,197
2017,12,대전,104
2017,12,울산,184
2017,12,세종,24
2017,12,경기,729
2017,12,강원,170
2017,12,충북,100
2017,12,충남,167
2017,12,전북,139
2017,12,전남,384
2017,12,경북,258
2017,12,경남,446
2017,12,제주,"3,255"
2017,11,서울,"1,036"
2017,11,부산,352
2017,11,대구,410
2017,11,인천,226
2017,11,광주,135
2017,11,대전,89
2017,11,울산,127
2017,11,세종,24
2017,11,경기,629
2017,11,강원,170
2017,11,충북,90
2017,11,충남,156
2017,11,전북,115
2017,11,전남,361
2017,11,경북,227
2017,11,경남,424
2017,11,제주,"3,219"
2017,10,서울,"1,014"
2017,10,부산,303
2017,10,대구,309
2017,10,인천,219
2017,10,광주,127
2017,10,대전,90
2017,10,울산,86
2017,10,세종,21
2017,10,경기,578
2017,10,강원,161
2017,10,충북,45
2017,10,충남,144
2017,10,전북,61
2017,10,전남,358
2017,10,경북,204
2017,10,경남,407
2017,10,제주,"3,180"
2017,9,서울,958
2017,9,부산,282
2017,9,대구,279
2017,9,인천,201
2017,9,광주,126
2017,9,대전,90
2017,9,울산,86
2017,9,세종,21
2017,9,경기,538
2017,9,강원,156
2017,9,충북,42
2017,9,충남,133
2017,9,전북,59
2017,9,전남,336
2017,9,경북,183
2017,9,경남,394
2017,9,제주,"3,103"
2017,8,서울,925
2017,8,부산,218
2017,8,대구,266
2017,8,인천,175
2017,8,광주,112
2017,8,대전,77
2017,8,울산,82
2017,8,세종,9
2017,8,경기,471
2017,8,강원,120
2017,8,충북,28
2017,8,충남,94
2017,8,전북,32
2017,8,전남,294
2017,8,경북,148
2017,8,경남,378
2017,8,제주,"3,012"
2017,7,서울,"1,008"
2017,7,부산,208
2017,7,대구,249
2017,7,인천,138
2017,7,광주,107
2017,7,대전,60
2017,7,울산,77
2017,7,세종,8
2017,7,경기,330
2017,7,강원,109
2017,7,충북,27
2017,7,충남,89
2017,7,전북,31
2017,7,전남,275
2017,7,경북,143
2017,7,경남,341
2017,7,제주,"2,915"
2017,6,서울,962
2017,6,부산,188
2017,6,대구,193
2017,6,인천,133
2017,6,광주,104
2017,6,대전,31
2017,6,울산,58
2017,6,세종,8
2017,6,경기,284
2017,6,강원,82
2017,6,충북,25
2017,6,충남,75
2017,6,전북,29
2017,6,전남,258
2017,6,경북,115
2017,6,경남,320
2017,6,제주,"2,893"
2017,5,서울,918
2017,5,부산,174
2017,5,대구,166
2017,5,인천,120
2017,5,광주,103
2017,5,대전,21
2017,5,울산,32
2017,5,세종,8
2017,5,경기,261
2017,5,강원,81
2017,5,충북,23
2017,5,충남,69
2017,5,전북,28
2017,5,전남,244
2017,5,경북,112
2017,5,경남,312
2017,5,제주,"2,848"
2017,4,서울,796
2017,4,부산,170
2017,4,대구,159
2017,4,인천,119
2017,4,광주,103
2017,4,대전,18
2017,4,울산,32
2017,4,세종,8
2017,4,경기,248
2017,4,강원,79
2017,4,충북,23
2017,4,충남,68
2017,4,전북,24
2017,4,전남,230
2017,4,경북,108
2017,4,경남,311
2017,4,제주,"2,752"
2017,3,서울,782
2017,3,부산,170
2017,3,대구,157
2017,3,인천,102
2017,3,광주,103
2017,3,대전,18
2017,3,울산,32
2017,3,세종,8
2017,3,경기,242
2017,3,강원,79
2017,3,충북,23
2017,3,충남,68
2017,3,전북,23
2017,3,전남,226
2017,3,경북,107
2017,3,경남,310
2017,3,제주,"2,720"
2017,2,서울,782
2017,2,부산,171
2017,2,대구,136
2017,2,인천,97
2017,2,광주,102
2017,2,대전,18
2017,2,울산,31
2017,2,세종,8
2017,2,경기,239
2017,2,강원,79
2017,2,충북,21
2017,2,충남,69
2017,2,전북,22
2017,2,전남,225
2017,2,경북,105
2017,2,경남,310
2017,2,제주,"2,692"
2017,1,서울,785
2017,1,부산,172
2017,1,대구,119
2017,1,인천,97
2017,1,광주,104
2017,1,대전,18
2017,1,울산,30
2017,1,세종,8
2017,1,경기,234
2017,1,강원,76
2017,1,충북,20
2017,1,충남,69
2017,1,전북,18
2017,1,전남,223
2017,1,경북,104
2017,1,경남,302
2017,1,제주,"2,690"
2016,12,서울,785
2016,12,부산,172
2016,12,대구,119
2016,12,인천,94
2016,12,광주,105
2016,12,대전,19
2016,12,울산,30
2016,12,세종,8
2016,12,경기,236
2016,12,강원,76
2016,12,충북,21
2016,12,충남,68
2016,12,전북,18
2016,12,전남,221
2016,12,경북,102
2016,12,경남,303
2016,12,제주,"2,567"
2016,11,서울,779
2016,11,부산,171
2016,11,대구,119
2016,11,인천,90
2016,11,광주,105
2016,11,대전,18
2016,11,울산,30
2016,11,세종,8
2016,11,경기,234
2016,11,강원,76
2016,11,충북,21
2016,11,충남,67
2016,11,전북,18
2016,11,전남,221
2016,11,경북,100
2016,11,경남,304
2016,11,제주,"2,317"
2016,10,서울,768
2016,10,부산,172
2016,10,대구,118
2016,10,인천,90
2016,10,광주,104
2016,10,대전,16
2016,10,울산,30
2016,10,세종,8
2016,10,경기,227
2016,10,강원,74
2016,10,충북,22
2016,10,충남,67
2016,10,전북,18
2016,10,전남,221
2016,10,경북,101
2016,10,경남,303
2016,10,제주,"2,113"
2016,9,서울,766
2016,9,부산,171
2016,9,대구,117
2016,9,인천,91
2016,9,광주,103
2016,9,대전,16
2016,9,울산,29
2016,9,세종,8
2016,9,경기,225
2016,9,강원,73
2016,9,충북,22
2016,9,충남,67
2016,9,전북,18
2016,9,전남,222
2016,9,경북,99
2016,9,경남,301
2016,9,제주,"2,026"
2016,8,서울,766
2016,8,부산,170
2016,8,대구,113
2016,8,인천,84
2016,8,광주,104
2016,8,대전,15
2016,8,울산,30
2016,8,세종,8
2016,8,경기,227
2016,8,강원,73
2016,8,충북,22
2016,8,충남,67
2016,8,전북,18
2016,8,전남,222
2016,8,경북,98
2016,8,경남,303
2016,8,제주,"1,905"
2016,7,서울,765
2016,7,부산,169
2016,7,대구,108
2016,7,인천,85
2016,7,광주,104
2016,7,대전,15
2016,7,울산,29
2016,7,세종,8
2016,7,경기,224
2016,7,강원,72
2016,7,충북,22
2016,7,충남,67
2016,7,전북,18
2016,7,전남,220
2016,7,경북,98
2016,7,경남,304
2016,7,제주,"1,837"
2016,6,서울,765
2016,6,부산,167
2016,6,대구,104
2016,6,인천,85
2016,6,광주,101
2016,6,대전,15
2016,6,울산,29
2016,6,세종,8
2016,6,경기,220
2016,6,강원,72
2016,6,충북,21
2016,6,충남,67
2016,6,전북,17
2016,6,전남,217
2016,6,경북,98
2016,6,경남,304
2016,6,제주,"1,818"
2016,5,서울,746
2016,5,부산,154
2016,5,대구,100
2016,5,인천,82
2016,5,광주,99
2016,5,대전,13
2016,5,울산,28
2016,5,세종,7
2016,5,경기,193
2016,5,강원,70
2016,5,충북,17
2016,5,충남,62
2016,5,전북,15
2016,5,전남,210
2016,5,경북,93
2016,5,경남,301
2016,5,제주,"1,789"
2016,4,서울,743
2016,4,부산,144
2016,4,대구,92
2016,4,인천,82
2016,4,광주,99
2016,4,대전,12
2016,4,울산,27
2016,4,세종,7
2016,4,경기,186
2016,4,강원,69
2016,4,충북,17
2016,4,충남,63
2016,4,전북,15
2016,4,전남,209
2016,4,경북,91
2016,4,경남,299
2016,4,제주,"1,751"
2016,3,서울,759
2016,3,부산,142
2016,3,대구,85
2016,3,인천,79
2016,3,광주,99
2016,3,대전,12
2016,3,울산,27
2016,3,세종,7
2016,3,경기,180
2016,3,강원,69
2016,3,충북,17
2016,3,충남,63
2016,3,전북,15
2016,3,전남,197
2016,3,경북,88
2016,3,경남,297
2016,3,제주,"1,657"
2016,2,서울,736
2016,2,부산,142
2016,2,대구,86
2016,2,인천,77
2016,2,광주,100
2016,2,대전,12
2016,2,울산,27
2016,2,세종,7
2016,2,경기,174
2016,2,강원,61
2016,2,충북,17
2016,2,충남,63
2016,2,전북,16
2016,2,전남,191
2016,2,경북,87
2016,2,경남,297
2016,2,제주,"1,626"
2016,1,서울,704
2016,1,부산,142
2016,1,대구,78
2016,1,인천,77
2016,1,광주,100
2016,1,대전,12
2016,1,울산,27
2016,1,세종,7
2016,1,경기,172
2016,1,강원,61
2016,1,충북,16
2016,1,충남,63
2016,1,전북,16
2016,1,전남,189
2016,1,경북,87
2016,1,경남,297
2016,1,제주,"1,609"
2015,12,서울,694
2015,12,부산,142
2015,12,대구,36
2015,12,인천,77
2015,12,광주,97
2015,12,대전,13
2015,12,울산,26
2015,12,세종,7
2015,12,경기,171
2015,12,강원,61
2015,12,충북,16
2015,12,충남,62
2015,12,전북,16
2015,12,전남,188
2015,12,경북,85
2015,12,경남,299
2015,12,제주,"1,605"
2015,11,서울,670
2015,11,부산,142
2015,11,대구,35
2015,11,인천,80
2015,11,광주,96
2015,11,대전,13
2015,11,울산,24
2015,11,세종,7
2015,11,경기,166
2015,11,강원,60
2015,11,충북,16
2015,11,충남,62
2015,11,전북,14
2015,11,전남,180
2015,11,경북,83
2015,11,경남,296
2015,11,제주,"1,556"
2015,10,서울,658
2015,10,부산,143
2015,10,대구,35
2015,10,인천,66
2015,10,광주,91
2015,10,대전,13
2015,10,울산,19
2015,10,세종,7
2015,10,경기,162
2015,10,강원,60
2015,10,충북,13
2015,10,충남,59
2015,10,전북,12
2015,10,전남,178
2015,10,경북,83
2015,10,경남,290
2015,10,제주,"1,496"
2015,9,서울,635
2015,9,부산,143
2015,9,대구,28
2015,9,인천,65
2015,9,광주,92
2015,9,대전,13
2015,9,울산,16
2015,9,세종,7
2015,9,경기,155
2015,9,강원,60
2015,9,충북,13
2015,9,충남,59
2015,9,전북,12
2015,9,전남,177
2015,9,경북,83
2015,9,경남,286
2015,9,제주,"1,412"
2015,8,서울,574
2015,8,부산,134
2015,8,대구,13
2015,8,인천,57
2015,8,광주,85
2015,8,대전,12
2015,8,울산,12
2015,8,세종,6
2015,8,경기,137
2015,8,강원,57
2015,8,충북,11
2015,8,충남,58
2015,8,전북,9
2015,8,전남,174
2015,8,경북,79
2015,8,경남,270
2015,8,제주,"1,269"
2015,7,서울,536
2015,7,부산,106
2015,7,대구,13
2015,7,인천,55
2015,7,광주,83
2015,7,대전,12
2015,7,울산,11
2015,7,세종,5
2015,7,경기,127
2015,7,강원,55
2015,7,충북,10
2015,7,충남,57
2015,7,전북,9
2015,7,전남,174
2015,7,경북,78
2015,7,경남,260
2015,7,제주,"1,101"
2015,6,서울,482
2015,6,부산,87
2015,6,대구,12
2015,6,인천,53
2015,6,광주,85
2015,6,대전,12
2015,6,울산,11
2015,6,세종,5
2015,6,경기,126
2015,6,강원,52
2015,6,충북,8
2015,6,충남,58
2015,6,전북,7
2015,6,전남,173
2015,6,경북,74
2015,6,경남,259
2015,6,제주,983
2015,5,서울,478
2015,5,부산,78
2015,5,대구,11
2015,5,인천,50
2015,5,광주,83
2015,5,대전,12
2015,5,울산,11
2015,5,세종,5
2015,5,경기,106
2015,5,강원,45
2015,5,충북,6
2015,5,충남,51
2015,5,전북,7
2015,5,전남,157
2015,5,경북,62
2015,5,경남,251
2015,5,제주,684
2015,4,서울,480
2015,4,부산,69
2015,4,대구,10
2015,4,인천,49
2015,4,광주,83
2015,4,대전,11
2015,4,울산,11
2015,4,세종,5
2015,4,경기,102
2015,4,강원,45
2015,4,충북,5
2015,4,충남,51
2015,4,전북,6
2015,4,전남,146
2015,4,경북,55
2015,4,경남,203
2015,4,제주,620
2015,3,서울,461
2015,3,부산,69
2015,3,대구,10
2015,3,인천,49
2015,3,광주,84
2015,3,대전,10
2015,3,울산,11
2015,3,세종,5
2015,3,경기,101
2015,3,강원,40
2015,3,충북,4
2015,3,충남,51
2015,3,전북,5
2015,3,전남,97
2015,3,경북,52
2015,3,경남,191
2015,3,제주,592
2015,2,서울,448
2015,2,부산,69
2015,2,대구,10
2015,2,인천,48
2015,2,광주,80
2015,2,대전,10
2015,2,울산,11
2015,2,세종,5
2015,2,경기,100
2015,2,강원,32
2015,2,충북,4
2015,2,충남,51
2015,2,전북,5
2015,2,전남,78
2015,2,경북,52
2015,2,경남,189
2015,2,제주,594
2015,1,서울,417
2015,1,부산,68
2015,1,대구,10
2015,1,인천,49
2015,1,광주,74
2015,1,대전,10
2015,1,울산,11
2015,1,세종,5
2015,1,경기,97
2015,1,강원,32
2015,1,충북,4
2015,1,충남,49
2015,1,전북,4
2015,1,전남,79
2015,1,경북,52
2015,1,경남,189
2015,1,제주,579